{"cameraMode":{"drawMode":0,"name":"Shaded","section":"Shading Mode"},"sceneLighting":true,"audioPlay":false,"sceneViewState":{"m_AlwaysRefresh":false,"showFog":true,"showSkybox":true,"showFlares":true,"showImageEffects":true,"showParticleSystems":true,"showVisualEffectGraphs":true,"m_FxEnabled":true},"in2DMode":false,"pivot":{"x":-3.5719587802886965,"y":3.098906993865967,"z":0.014894485473632813},"rotation":{"x":-0.2833198606967926,"y":0.5285844802856445,"z":-0.19284288585186006,"w":-0.7766324281692505},"size":3.137012243270874,"orthographic":false}